Workbook

Sheet README
A1: UX & Behavioural Data Analytics Workbook
A2: Purpose | B2: Complete practical workbook from RAW UX data to final UX/HEART analysis.
A3: Case Study | B3: Online Learning / E-Learning Application
A4: Dataset Size | B4: 100 users
A5: Core workflow | B5: RAW DATA → Cleaning/Validation → UX Metrics → HEART → Risk → Correlation → Dashboard → Recommendations
A6: Included topics | B6: NPS, CSAT, SUS, CES, TTFV, Task Error Rate, Happiness, Engagement, Adoption, Retention, Task Success
A7: Important concept | B7: The Raw_Data sheet contains observations collected from users. UX_Metrics calculates the derived measures.
A8: NPS | B8: 0–6 Detractors, 7–8 Passives, 9–10 Promoters; NPS = %Promoters − %Detractors.
A9: CSAT | B9: Average satisfaction on 1–5 scale and % satisfied where CSAT >= 4.
A10: SUS | B10: 10-question usability scale. Odd questions: response−1. Even questions: 5−response. Sum × 2.5 = 0–100.
A11: CES | B11: 1–7 effort scale. Lower score means less effort / better experience.
A12: TTFV | B12: Minutes from signup to first meaningful value.
A13: Task Error Rate | B13: Total errors ÷ total task attempts × 100.
... A21: Student task | B21: Change raw data values and observe how the formulas, summary metrics and dashboard update in Excel.

Sheet Raw_Data
A1: User_ID | B1: NPS_Response | C1: CSAT_Response | D1: SUS_Q1 | E1: SUS_Q2 | F1: SUS_Q3 | G1: SUS_Q4 | H1: SUS_Q5 | I1: SUS_Q6 | J1: SUS_Q7 | K1: SUS_Q8 | L1: SUS_Q9 | M1: SUS_Q10 | N1: CES_Response | O1: Signup_Time | P1: First_Value_Time | Q1: Task_Attempts | R1: Errors | S1: Sessions | T1: Core_Action | U1: Day7_Return | V1: Task_Completed
A2: U001 | B2: 7 | C2: 4 | D2: 3 | E2: 2 | F2: 3 | G2: 3 | H2: 3 | I2: 3 | J2: 3 | K2: 4 | L2: 4 | M2: 3 | N2: 4 | O2: 46224.685 | P2: 46224.692 | Q2: 6 | R2: 2 | S2: 8 | T2: 1 | U2: 1 | V2: 0
A3: U002 | B3: 5 | C3: 3 | D3: 2 | E3: 4 | F3: 3 | G3: 2 | H3: 3 | I3: 2 | J3: 2 | K3: 2 | L3: 3 | M3: 3 | N3: 4 | O3: 46213.412 | P3: 46213.419 | Q3: 5 | R3: 1 | S3: 7 | T3: 1 | U3: 0 | V3: 1
A4: U003 | B4: 6 | C4: 3 | D4: 1 | E4: 4 | F4: 2 | G4: 2 | H4: 2 | I4: 2 | J4: 3 | K4: 2 | L4: 3 | M4: 3 | N4: 4 | O4: 46212.384 | P4: 46212.394 | Q4: 4 | R4: 1 | S4: 4 | T4: 1 | U4: 0 | V4: 1
A5: U004 | B5: 6 | C5: 3 | D5: 3 | E5: 3 | F5: 3 | G5: 2 | H5: 3 | I5: 3 | J5: 3 | K5: 3 | L5: 4 | M5: 2 | N5: 4 | O5: 46223.648 | P5: 46223.654 | Q5: 5 | R5: 1 | S5: 8 | T5: 1 | U5: 1 | V5: 1
A6: U005 | B6: 7 | C6: 4 | D6: 4 | E6: 3 | F6: 3 | G6: 3 | H6: 2 | I6: 2 | J6: 3 | K6: 3 | L6: 3 | M6: 4 | N6: 3 | O6: 46228.707 | P6: 46228.715 | Q6: 4 | R6: 1 | S6: 6 | T6: 0 | U6: 0 | V6: 1
A7: U006 | B7: 7 | C7: 4 | D7: 2 | E7: 4 | F7: 4 | G7: 3 | H7: 3 | I7: 4 | J7: 3 | K7: 4 | L7: 4 | M7: 3 | N7: 4 | O7: 46213.613 | P7: 46213.617 | Q7: 3 | R7: 2 | S7: 5 | T7: 1 | U7: 1 | V7: 1
A8: U007 | B8: 8 | C8: 3 | D8: 4 | E8: 3 | F8: 4 | G8: 3 | H8: 3 | I8: 3 | J8: 4 | K8: 4 | L8: 3 | M8: 3 | N8: 3 | O8: 46229.66 | P8: 46229.666 | Q8: 5 | R8: 1 | S8: 4 | T8: 1 | U8: 1 | V8: 1
A9: U008 | B9: 8 | C9: 4 | D9: 3 | E9: 4 | F9: 4 | G9: 3 | H9: 3 | I9: 4 | J9: 2 | K9: 4 | L9: 4 | M9: 3 | N9: 3 | O9: 46206.465 | P9: 46206.472 | Q9: 3 | R9: 1 | S9: 7 | T9: 1 | U9: 1 | V9: 0
A10: U009 | B10: 7 | C10: 4 | D10: 4 | E10: 2 | F10: 3 | G10: 3 | H10: 3 | I10: 4 | J10: 3 | K10: 3 | L10: 3 | M10: 4 | N10: 2 | O10: 46219.707 | P10: 46219.714 | Q10: 4 | R10: 2 | S10: 6 | T10: 1 | U10: 0 | V10: 1
A11: U010 | B11: 5 | C11: 3 | D11: 3 | E11: 1 | F11: 3 | G11: 3 | H11: 4 | I11: 3 | J11: 3 | K11: 2 | L11: 2 | M11: 2 | N11: 3 | O11: 46206.353 | P11: 46206.365 | Q11: 4 | R11: 2 | S11: 3 | T11: 1 | U11: 1 | V11: 1
A12: U011 | B12: 8 | C12: 3 | D12: 4 | E12: 3 | F12: 2 | G12: 3 | H12: 2 | I12: 3 | J12: 4 | K12: 4 | L12: 3 | M12: 4 | N12: 4 | O12: 46227.673 | P12: 46227.679 | Q12: 7 | R12: 2 | S12: 8 | T12: 1 | U12: 1 | V12: 1
A13: U012 | B13: 5 | C13: 3 | D13: 2 | E13: 2 | F13: 2 | G13: 4 | H13: 3 | I13: 3 | J13: 2 | K13: 3 | L13: 2 | M13: 3 | N13: 5 | O13: 46213.581 | P13: 46213.591 | Q13: 9 | R13: 1 | S13: 1 | T13: 0 | U13: 1 | V13: 1
... A101: U100 | B101: 8 | C101: 5 | D101: 4 | E101: 4 | F101: 4 | G101: 3 | H101: 4 | I101: 3 | J101: 5 | K101: 3 | L101: 4 | M101: 4 | N101: 3 | O101: 46228.376 | P101: 46228.382 | Q101: 4 | R101: 0 | S101: 8 | T101: 1 | U101: 1 | V101: 1

Sheet ux_matrix
A1: User_ID | B1: NPS_Response | C1: nps_category | D1: CSAT_Response | E1: csat_category | F1: sus_score | G1: sus_category | H1: SUS_Q1 | I1: SUS_Q2 | J1: SUS_Q3 | K1: SUS_Q4 | L1: SUS_Q5 | M1: SUS_Q6 | N1: SUS_Q7 | O1: SUS_Q8 | P1: SUS_Q9 | Q1: SUS_Q10 | R1: CES_Response | S1: CES_Category | T1: Signup_Time | U1: First_Value_Time | V1: TTFV_min | W1: CATEGORY | X1: User_Error_Rate | Y1: Task_Attempts | Z1: Errors | AA1: Sessions | AB1: Eng_flag | AC1: Core_Action | AD1: Adoptation_Flag | AE1: Day7_Return | AF1: Retention_Flag | AG1: Task_Completed | AH1: Task_Complition_Flag | AI1: Ux_Risk_Points | AJ1: Ux_Risk_level
A2: U001 | B2: 7 | C2: =IF(B2>=9,"PROM",IF(B2>=7,"PASS","DECTATOR")) -> PASS | D2: 4 | E2: =IF(D2>=4,"SATISFIED","NOT-SATISFIED") -> SATISFIED | F2: =(H2-1+5-I2+J2-1+5-K2+L2-1+5-M2+N2-1+5-O2+P2-1+5-Q2)*2.5 -> 52.5 | G2: =IF(F2<=50,"POOR",IF(F2<=70,"NEED IMPROVEMENT",IF(F2<=80,"GOOD","EXCELLENT"))) -> NEED IMPROVEMENT | H2: 3 | I2: 2 | J2: 3 | K2: 3 | L2: 3 | M2: 3 | N2: 3 | O2: 4 | P2: 4 | Q2: 3 | R2: 4 | S2: =IF(R2<4,"LOW",IF(R2<6,"MODERATE",IF(R2>5,"HIGH"))) -> MODERATE | T2: 46224.685 | U2: 46224.692 | V2: =ROUND(((U2-T2)*1440),0) -> 10 | W2: =IF(V2<=5,"GOOD",IF(V2<=10,"SATISFACTORY","BAD")) -> SATISFACTORY | X2: =(Z2/Y2)*100 -> 33.333333 | Y2: 6 | Z2: 2 | AA2: 8 | AB2: =IF(AA2<=6,"LOW",IF(AA2<=10,"MEDIUM","HIGH")) -> MEDIUM | AC2: 1 | AD2: =IF(AC2=0,"NOt Adopted",IF(AC2=1,"Adopted")) -> Adopted | AE2: 1 | AF2: =IF(AE2=0,"Not Returned",IF(AE2=1,"Returned")) -> Returned | AG2: 0 | AH2: =IF(AG2=0,"Fail",IF(AG2=1,"Success")) -> Fail | AI2: =IF(B2<7,1,0)+IF(D2<4,1,0)+IF(F2<60,1,0)+IF(R2>=6,1,0)+IF(V2>15,1,0)+IF(Y2>5,1,0)+IF(X2>=30,1,0)+IF(AA2<=2,1,0)+IF(AC2=0,1,0)+IF(AE2=0,1,0)+IF(AG2=0,1,0) -> 4 | AJ2: =IF(AI2>=6,"High",IF(AI2>=4,"Medium","Low")) -> Medium
A3: U002 | B3: 5 | C3: =IF(B3>=9,"PROM",IF(B3>=7,"PASS","DECTATOR")) -> DECTATOR | D3: 3 | E3: =IF(D3>=4,"SATISFIED","NOT-SATISFIED") -> NOT-SATISFIED | F3: =(H3-1+5-I3+J3-1+5-K3+L3-1+5-M3+N3-1+5-O3+P3-1+5-Q3)*2.5 -> 50 | G3: =IF(F3<=50,"POOR",IF(F3<=70,"NEED IMPROVEMENT",IF(F3<=80,"GOOD","EXCELLENT"))) -> POOR | H3: 2 | I3: 4 | J3: 3 | K3: 2 | L3: 3 | M3: 2 | N3: 2 | O3: 2 | P3: 3 | Q3: 3 | R3: 4 | S3: =IF(R3<4,"LOW",IF(R3<6,"MODERATE",IF(R3>5,"HIGH"))) -> MODERATE | T3: 46213.412 | U3: 46213.419 | V3: =ROUND(((U3-T3)*1440),0) -> 10 | W3: =IF(V3<=5,"GOOD",IF(V3<=10,"SATISFACTORY","BAD")) -> SATISFACTORY | X3: =(Z3/Y3)*100 -> 20 | Y3: 5 | Z3: 1 | AA3: 7 | AB3: =IF(AA3<=6,"LOW",IF(AA3<=10,"MEDIUM","HIGH")) -> MEDIUM | AC3: 1 | AD3: =IF(AC3=0,"NOt Adopted",IF(AC3=1,"Adopted")) -> Adopted | AE3: 0 | AF3: =IF(AE3=0,"Not Returned",IF(AE3=1,"Returned")) -> Not Returned | AG3: 1 | AH3: =IF(AG3=0,"Fail",IF(AG3=1,"Success")) -> Success | AI3: =IF(B3<7,1,0)+IF(D3<4,1,0)+IF(F3<60,1,0)+IF(R3>=6,1,0)+IF(V3>15,1,0)+IF(Y3>5,1,0)+IF(X3>=30,1,0)+IF(AA3<=2,1,0)+IF(AC3=0,1,0)+IF(AE3=0,1,0)+IF(AG3=0,1,0) -> 4 | AJ3: =IF(AI3>=6,"High",IF(AI3>=4,"Medium","Low")) -> Medium
A4: U003 | B4: 6 | C4: =IF(B4>=9,"PROM",IF(B4>=7,"PASS","DECTATOR")) -> DECTATOR | D4: 3 | E4: =IF(D4>=4,"SATISFIED","NOT-SATISFIED") -> NOT-SATISFIED | F4: =(H4-1+5-I4+J4-1+5-K4+L4-1+5-M4+N4-1+5-O4+P4-1+5-Q4)*2.5 -> 45 | G4: =IF(F4<=50,"POOR",IF(F4<=70,"NEED IMPROVEMENT",IF(F4<=80,"GOOD","EXCELLENT"))) -> POOR | H4: 1 | I4: 4 | J4: 2 | K4: 2 | L4: 2 | M4: 2 | N4: 3 | O4: 2 | P4: 3 | Q4: 3 | R4: 4 | S4: =IF(R4<4,"LOW",IF(R4<6,"MODERATE",IF(R4>5,"HIGH"))) -> MODERATE | T4: 46212.384 | U4: 46212.394 | V4: =ROUND(((U4-T4)*1440),0) -> 14 | W4: =IF(V4<=5,"GOOD",IF(V4<=10,"SATISFACTORY","BAD")) -> BAD | X4: =(Z4/Y4)*100 -> 25 | Y4: 4 | Z4: 1 | AA4: 4 | AB4: =IF(AA4<=6,"LOW",IF(AA4<=10,"MEDIUM","HIGH")) -> LOW | AC4: 1 | AD4: =IF(AC4=0,"NOt Adopted",IF(AC4=1,"Adopted")) -> Adopted | AE4: 0 | AF4: =IF(AE4=0,"Not Returned",IF(AE4=1,"Returned")) -> Not Returned | AG4: 1 | AH4: =IF(AG4=0,"Fail",IF(AG4=1,"Success")) -> Success | AI4: =IF(B4<7,1,0)+IF(D4<4,1,0)+IF(F4<60,1,0)+IF(R4>=6,1,0)+IF(V4>15,1,0)+IF(Y4>5,1,0)+IF(X4>=30,1,0)+IF(AA4<=2,1,0)+IF(AC4=0,1,0)+IF(AE4=0,1,0)+IF(AG4=0,1,0) -> 4 | AJ4: =IF(AI4>=6,"High",IF(AI4>=4,"Medium","Low")) -> Medium
A5: U004 | B5: 6 | C5: =IF(B5>=9,"PROM",IF(B5>=7,"PASS","DECTATOR")) -> DECTATOR | D5: 3 | E5: =IF(D5>=4,"SATISFIED","NOT-SATISFIED") -> NOT-SATISFIED | F5: =(H5-1+5-I5+J5-1+5-K5+L5-1+5-M5+N5-1+5-O5+P5-1+5-Q5)*2.5 -> 57.5 | G5: =IF(F5<=50,"POOR",IF(F5<=70,"NEED IMPROVEMENT",IF(F5<=80,"GOOD","EXCELLENT"))) -> NEED IMPROVEMENT | H5: 3 | I5: 3 | J5: 3 | K5: 2 | L5: 3 | M5: 3 | N5: 3 | O5: 3 | P5: 4 | Q5: 2 | R5: 4 | S5: =IF(R5<4,"LOW",IF(R5<6,"MODERATE",IF(R5>5,"HIGH"))) -> MODERATE | T5: 46223.648 | U5: 46223.654 | V5: =ROUND(((U5-T5)*1440),0) -> 9 | W5: =IF(V5<=5,"GOOD",IF(V5<=10,"SATISFACTORY","BAD")) -> SATISFACTORY | X5: =(Z5/Y5)*100 -> 20 | Y5: 5 | Z5: 1 | AA5: 8 | AB5: =IF(AA5<=6,"LOW",IF(AA5<=10,"MEDIUM","HIGH")) -> MEDIUM | AC5: 1 | AD5: =IF(AC5=0,"NOt Adopted",IF(AC5=1,"Adopted")) -> Adopted | AE5: 1 | AF5: =IF(AE5=0,"Not Returned",IF(AE5=1,"Returned")) -> Returned | AG5: 1 | AH5: =IF(AG5=0,"Fail",IF(AG5=1,"Success")) -> Success | AI5: =IF(B5<7,1,0)+IF(D5<4,1,0)+IF(F5<60,1,0)+IF(R5>=6,1,0)+IF(V5>15,1,0)+IF(Y5>5,1,0)+IF(X5>=30,1,0)+IF(AA5<=2,1,0)+IF(AC5=0,1,0)+IF(AE5=0,1,0)+IF(AG5=0,1,0) -> 3 | AJ5: =IF(AI5>=6,"High",IF(AI5>=4,"Medium","Low")) -> Low
A6: U005 | B6: 7 | C6: =IF(B6>=9,"PROM",IF(B6>=7,"PASS","DECTATOR")) -> PASS | D6: 4 | E6: =IF(D6>=4,"SATISFIED","NOT-SATISFIED") -> SATISFIED | F6: =(H6-1+5-I6+J6-1+5-K6+L6-1+5-M6+N6-1+5-O6+P6-1+5-Q6)*2.5 -> 50 | G6: =IF(F6<=50,"POOR",IF(F6<=70,"NEED IMPROVEMENT",IF(F6<=80,"GOOD","EXCELLENT"))) -> POOR | H6: 4 | I6: 3 | J6: 3 | K6: 3 | L6: 2 | M6: 2 | N6: 3 | O6: 3 | P6: 3 | Q6: 4 | R6: 3 | S6: =IF(R6<4,"LOW",IF(R6<6,"MODERATE",IF(R6>5,"HIGH"))) -> LOW | T6: 46228.707 | U6: 46228.715 | V6: =ROUND(((U6-T6)*1440),0) -> 12 | W6: =IF(V6<=5,"GOOD",IF(V6<=10,"SATISFACTORY","BAD")) -> BAD | X6: =(Z6/Y6)*100 -> 25 | Y6: 4 | Z6: 1 | AA6: 6 | AB6: =IF(AA6<=6,"LOW",IF(AA6<=10,"MEDIUM","HIGH")) -> LOW | AC6: 0 | AD6: =IF(AC6=0,"NOt Adopted",IF(AC6=1,"Adopted")) -> NOt Adopted | AE6: 0 | AF6: =IF(AE6=0,"Not Returned",IF(AE6=1,"Returned")) -> Not Returned | AG6: 1 | AH6: =IF(AG6=0,"Fail",IF(AG6=1,"Success")) -> Success | AI6: =IF(B6<7,1,0)+IF(D6<4,1,0)+IF(F6<60,1,0)+IF(R6>=6,1,0)+IF(V6>15,1,0)+IF(Y6>5,1,0)+IF(X6>=30,1,0)+IF(AA6<=2,1,0)+IF(AC6=0,1,0)+IF(AE6=0,1,0)+IF(AG6=0,1,0) -> 3 | AJ6: =IF(AI6>=6,"High",IF(AI6>=4,"Medium","Low")) -> Low
A7: U006 | B7: 7 | C7: =IF(B7>=9,"PROM",IF(B7>=7,"PASS","DECTATOR")) -> PASS | D7: 4 | E7: =IF(D7>=4,"SATISFIED","NOT-SATISFIED") -> SATISFIED | F7: =(H7-1+5-I7+J7-1+5-K7+L7-1+5-M7+N7-1+5-O7+P7-1+5-Q7)*2.5 -> 45 | G7: =IF(F7<=50,"POOR",IF(F7<=70,"NEED IMPROVEMENT",IF(F7<=80,"GOOD","EXCELLENT"))) -> POOR | H7: 2 | I7: 4 | J7: 4 | K7: 3 | L7: 3 | M7: 4 | N7: 3 | O7: 4 | P7: 4 | Q7: 3 | R7: 4 | S7: =IF(R7<4,"LOW",IF(R7<6,"MODERATE",IF(R7>5,"HIGH"))) -> MODERATE | T7: 46213.613 | U7: 46213.617 | V7: =ROUND(((U7-T7)*1440),0) -> 6 | W7: =IF(V7<=5,"GOOD",IF(V7<=10,"SATISFACTORY","BAD")) -> SATISFACTORY | X7: =(Z7/Y7)*100 -> 66.666667 | Y7: 3 | Z7: 2 | AA7: 5 | AB7: =IF(AA7<=6,"LOW",IF(AA7<=10,"MEDIUM","HIGH")) -> LOW | AC7: 1 | AD7: =IF(AC7=0,"NOt Adopted",IF(AC7=1,"Adopted")) -> Adopted | AE7: 1 | AF7: =IF(AE7=0,"Not Returned",IF(AE7=1,"Returned")) -> Returned | AG7: 1 | AH7: =IF(AG7=0,"Fail",IF(AG7=1,"Success")) -> Success | AI7: =IF(B7<7,1,0)+IF(D7<4,1,0)+IF(F7<60,1,0)+IF(R7>=6,1,0)+IF(V7>15,1,0)+IF(Y7>5,1,0)+IF(X7>=30,1,0)+IF(AA7<=2,1,0)+IF(AC7=0,1,0)+IF(AE7=0,1,0)+IF(AG7=0,1,0) -> 2 | AJ7: =IF(AI7>=6,"High",IF(AI7>=4,"Medium","Low")) -> Low
A8: U007 | B8: 8 | C8: =IF(B8>=9,"PROM",IF(B8>=7,"PASS","DECTATOR")) -> PASS | D8: 3 | E8: =IF(D8>=4,"SATISFIED","NOT-SATISFIED") -> NOT-SATISFIED | F8: =(H8-1+5-I8+J8-1+5-K8+L8-1+5-M8+N8-1+5-O8+P8-1+5-Q8)*2.5 -> 55 | G8: =IF(F8<=50,"POOR",IF(F8<=70,"NEED IMPROVEMENT",IF(F8<=80,"GOOD","EXCELLENT"))) -> NEED IMPROVEMENT | H8: 4 | I8: 3 | J8: 4 | K8: 3 | L8: 3 | M8: 3 | N8: 4 | O8: 4 | P8: 3 | Q8: 3 | R8: 3 | S8: =IF(R8<4,"LOW",IF(R8<6,"MODERATE",IF(R8>5,"HIGH"))) -> LOW | T8: 46229.66 | U8: 46229.666 | V8: =ROUND(((U8-T8)*1440),0) -> 8 | W8: =IF(V8<=5,"GOOD",IF(V8<=10,"SATISFACTORY","BAD")) -> SATISFACTORY | X8: =(Z8/Y8)*100 -> 20 | Y8: 5 | Z8: 1 | AA8: 4 | AB8: =IF(AA8<=6,"LOW",IF(AA8<=10,"MEDIUM","HIGH")) -> LOW | AC8: 1 | AD8: =IF(AC8=0,"NOt Adopted",IF(AC8=1,"Adopted")) -> Adopted | AE8: 1 | AF8: =IF(AE8=0,"Not Returned",IF(AE8=1,"Returned")) -> Returned | AG8: 1 | AH8: =IF(AG8=0,"Fail",IF(AG8=1,"Success")) -> Success | AI8: =IF(B8<7,1,0)+IF(D8<4,1,0)+IF(F8<60,1,0)+IF(R8>=6,1,0)+IF(V8>15,1,0)+IF(Y8>5,1,0)+IF(X8>=30,1,0)+IF(AA8<=2,1,0)+IF(AC8=0,1,0)+IF(AE8=0,1,0)+IF(AG8=0,1,0) -> 2 | AJ8: =IF(AI8>=6,"High",IF(AI8>=4,"Medium","Low")) -> Low
A9: U008 | B9: 8 | C9: =IF(B9>=9,"PROM",IF(B9>=7,"PASS","DECTATOR")) -> PASS | D9: 4 | E9: =IF(D9>=4,"SATISFIED","NOT-SATISFIED") -> SATISFIED | F9: =(H9-1+5-I9+J9-1+5-K9+L9-1+5-M9+N9-1+5-O9+P9-1+5-Q9)*2.5 -> 45 | G9: =IF(F9<=50,"POOR",IF(F9<=70,"NEED IMPROVEMENT",IF(F9<=80,"GOOD","EXCELLENT"))) -> POOR | H9: 3 | I9: 4 | J9: 4 | K9: 3 | L9: 3 | M9: 4 | N9: 2 | O9: 4 | P9: 4 | Q9: 3 | R9: 3 | S9: =IF(R9<4,"LOW",IF(R9<6,"MODERATE",IF(R9>5,"HIGH"))) -> LOW | T9: 46206.465 | U9: 46206.472 | V9: =ROUND(((U9-T9)*1440),0) -> 9 | W9: =IF(V9<=5,"GOOD",IF(V9<=10,"SATISFACTORY","BAD")) -> SATISFACTORY | X9: =(Z9/Y9)*100 -> 33.333333 | Y9: 3 | Z9: 1 | AA9: 7 | AB9: =IF(AA9<=6,"LOW",IF(AA9<=10,"MEDIUM","HIGH")) -> MEDIUM | AC9: 1 | AD9: =IF(AC9=0,"NOt Adopted",IF(AC9=1,"Adopted")) -> Adopted | AE9: 1 | AF9: =IF(AE9=0,"Not Returned",IF(AE9=1,"Returned")) -> Returned | AG9: 0 | AH9: =IF(AG9=0,"Fail",IF(AG9=1,"Success")) -> Fail | AI9: =IF(B9<7,1,0)+IF(D9<4,1,0)+IF(F9<60,1,0)+IF(R9>=6,1,0)+IF(V9>15,1,0)+IF(Y9>5,1,0)+IF(X9>=30,1,0)+IF(AA9<=2,1,0)+IF(AC9=0,1,0)+IF(AE9=0,1,0)+IF(AG9=0,1,0) -> 3 | AJ9: =IF(AI9>=6,"High",IF(AI9>=4,"Medium","Low")) -> Low
A10: U009 | B10: 7 | C10: =IF(B10>=9,"PROM",IF(B10>=7,"PASS","DECTATOR")) -> PASS | D10: 4 | E10: =IF(D10>=4,"SATISFIED","NOT-SATISFIED") -> SATISFIED | F10: =(H10-1+5-I10+J10-1+5-K10+L10-1+5-M10+N10-1+5-O10+P10-1+5-Q10)*2.5 -> 50 | G10: =IF(F10<=50,"POOR",IF(F10<=70,"NEED IMPROVEMENT",IF(F10<=80,"GOOD","EXCELLENT"))) -> POOR | H10: 4 | I10: 2 | J10: 3 | K10: 3 | L10: 3 | M10: 4 | N10: 3 | O10: 3 | P10: 3 | Q10: 4 | R10: 2 | S10: =IF(R10<4,"LOW",IF(R10<6,"MODERATE",IF(R10>5,"HIGH"))) -> LOW | T10: 46219.707 | U10: 46219.714 | V10: =ROUND(((U10-T10)*1440),0) -> 10 | W10: =IF(V10<=5,"GOOD",IF(V10<=10,"SATISFACTORY","BAD")) -> SATISFACTORY | X10: =(Z10/Y10)*100 -> 50 | Y10: 4 | Z10: 2 | AA10: 6 | AB10: =IF(AA10<=6,"LOW",IF(AA10<=10,"MEDIUM","HIGH")) -> LOW | AC10: 1 | AD10: =IF(AC10=0,"NOt Adopted",IF(AC10=1,"Adopted")) -> Adopted | AE10: 0 | AF10: =IF(AE10=0,"Not Returned",IF(AE10=1,"Returned")) -> Not Returned | AG10: 1 | AH10: =IF(AG10=0,"Fail",IF(AG10=1,"Success")) -> Success | AI10: =IF(B10<7,1,0)+IF(D10<4,1,0)+IF(F10<60,1,0)+IF(R10>=6,1,0)+IF(V10>15,1,0)+IF(Y10>5,1,0)+IF(X10>=30,1,0)+IF(AA10<=2,1,0)+IF(AC10=0,1,0)+IF(AE10=0,1,0)+IF(AG10=0,1,0) -> 3 | AJ10: =IF(AI10>=6,"High",IF(AI10>=4,"Medium","Low")) -> Low
A11: U010 | B11: 5 | C11: =IF(B11>=9,"PROM",IF(B11>=7,"PASS","DECTATOR")) -> DECTATOR | D11: 3 | E11: =IF(D11>=4,"SATISFIED","NOT-SATISFIED") -> NOT-SATISFIED | F11: =(H11-1+5-I11+J11-1+5-K11+L11-1+5-M11+N11-1+5-O11+P11-1+5-Q11)*2.5 -> 60 | G11: =IF(F11<=50,"POOR",IF(F11<=70,"NEED IMPROVEMENT",IF(F11<=80,"GOOD","EXCELLENT"))) -> NEED IMPROVEMENT | H11: 3 | I11: 1 | J11: 3 | K11: 3 | L11: 4 | M11: 3 | N11: 3 | O11: 2 | P11: 2 | Q11: 2 | R11: 3 | S11: =IF(R11<4,"LOW",IF(R11<6,"MODERATE",IF(R11>5,"HIGH"))) -> LOW | T11: 46206.353 | U11: 46206.365 | V11: =ROUND(((U11-T11)*1440),0) -> 16 | W11: =IF(V11<=5,"GOOD",IF(V11<=10,"SATISFACTORY","BAD")) -> BAD | X11: =(Z11/Y11)*100 -> 50 | Y11: 4 | Z11: 2 | AA11: 3 | AB11: =IF(AA11<=6,"LOW",IF(AA11<=10,"MEDIUM","HIGH")) -> LOW | AC11: 1 | AD11: =IF(AC11=0,"NOt Adopted",IF(AC11=1,"Adopted")) -> Adopted | AE11: 1 | AF11: =IF(AE11=0,"Not Returned",IF(AE11=1,"Returned")) -> Returned | AG11: 1 | AH11: =IF(AG11=0,"Fail",IF(AG11=1,"Success")) -> Success | AI11: =IF(B11<7,1,0)+IF(D11<4,1,0)+IF(F11<60,1,0)+IF(R11>=6,1,0)+IF(V11>15,1,0)+IF(Y11>5,1,0)+IF(X11>=30,1,0)+IF(AA11<=2,1,0)+IF(AC11=0,1,0)+IF(AE11=0,1,0)+IF(AG11=0,1,0) -> 4 | AJ11: =IF(AI11>=6,"High",IF(AI11>=4,"Medium","Low")) -> Medium
A12: U011 | B12: 8 | C12: =IF(B12>=9,"PROM",IF(B12>=7,"PASS","DECTATOR")) -> PASS | D12: 3 | E12: =IF(D12>=4,"SATISFIED","NOT-SATISFIED") -> NOT-SATISFIED | F12: =(H12-1+5-I12+J12-1+5-K12+L12-1+5-M12+N12-1+5-O12+P12-1+5-Q12)*2.5 -> 45 | G12: =IF(F12<=50,"POOR",IF(F12<=70,"NEED IMPROVEMENT",IF(F12<=80,"GOOD","EXCELLENT"))) -> POOR | H12: 4 | I12: 3 | J12: 2 | K12: 3 | L12: 2 | M12: 3 | N12: 4 | O12: 4 | P12: 3 | Q12: 4 | R12: 4 | S12: =IF(R12<4,"LOW",IF(R12<6,"MODERATE",IF(R12>5,"HIGH"))) -> MODERATE | T12: 46227.673 | U12: 46227.679 | V12: =ROUND(((U12-T12)*1440),0) -> 9 | W12: =IF(V12<=5,"GOOD",IF(V12<=10,"SATISFACTORY","BAD")) -> SATISFACTORY | X12: =(Z12/Y12)*100 -> 28.571429 | Y12: 7 | Z12: 2 | AA12: 8 | AB12: =IF(AA12<=6,"LOW",IF(AA12<=10,"MEDIUM","HIGH")) -> MEDIUM | AC12: 1 | AD12: =IF(AC12=0,"NOt Adopted",IF(AC12=1,"Adopted")) -> Adopted | AE12: 1 | AF12: =IF(AE12=0,"Not Returned",IF(AE12=1,"Returned")) -> Returned | AG12: 1 | AH12: =IF(AG12=0,"Fail",IF(AG12=1,"Success")) -> Success | AI12: =IF(B12<7,1,0)+IF(D12<4,1,0)+IF(F12<60,1,0)+IF(R12>=6,1,0)+IF(V12>15,1,0)+IF(Y12>5,1,0)+IF(X12>=30,1,0)+IF(AA12<=2,1,0)+IF(AC12=0,1,0)+IF(AE12=0,1,0)+IF(AG12=0,1,0) -> 3 | AJ12: =IF(AI12>=6,"High",IF(AI12>=4,"Medium","Low")) -> Low
A13: U012 | B13: 5 | C13: =IF(B13>=9,"PROM",IF(B13>=7,"PASS","DECTATOR")) -> DECTATOR | D13: 3 | E13: =IF(D13>=4,"SATISFIED","NOT-SATISFIED") -> NOT-SATISFIED | F13: =(H13-1+5-I13+J13-1+5-K13+L13-1+5-M13+N13-1+5-O13+P13-1+5-Q13)*2.5 -> 40 | G13: =IF(F13<=50,"POOR",IF(F13<=70,"NEED IMPROVEMENT",IF(F13<=80,"GOOD","EXCELLENT"))) -> POOR | H13: 2 | I13: 2 | J13: 2 | K13: 4 | L13: 3 | M13: 3 | N13: 2 | O13: 3 | P13: 2 | Q13: 3 | R13: 5 | S13: =IF(R13<4,"LOW",IF(R13<6,"MODERATE",IF(R13>5,"HIGH"))) -> MODERATE | T13: 46213.581 | U13: 46213.591 | V13: =ROUND(((U13-T13)*1440),0) -> 14 | W13: =IF(V13<=5,"GOOD",IF(V13<=10,"SATISFACTORY","BAD")) -> BAD | X13: =(Z13/Y13)*100 -> 11.111111 | Y13: 9 | Z13: 1 | AA13: 1 | AB13: =IF(AA13<=6,"LOW",IF(AA13<=10,"MEDIUM","HIGH")) -> LOW | AC13: 0 | AD13: =IF(AC13=0,"NOt Adopted",IF(AC13=1,"Adopted")) -> NOt Adopted | AE13: 1 | AF13: =IF(AE13=0,"Not Returned",IF(AE13=1,"Returned")) -> Returned | AG13: 1 | AH13: =IF(AG13=0,"Fail",IF(AG13=1,"Success")) -> Success | AI13: =IF(B13<7,1,0)+IF(D13<4,1,0)+IF(F13<60,1,0)+IF(R13>=6,1,0)+IF(V13>15,1,0)+IF(Y13>5,1,0)+IF(X13>=30,1,0)+IF(AA13<=2,1,0)+IF(AC13=0,1,0)+IF(AE13=0,1,0)+IF(AG13=0,1,0) -> 6 | AJ13: =IF(AI13>=6,"High",IF(AI13>=4,"Medium","Low")) -> High
... A101: U100 | B101: 8 | C101: =IF(B101>=9,"PROM",IF(B101>=7,"PASS","DECTATOR")) -> PASS | D101: 5 | E101: =IF(D101>=4,"SATISFIED","NOT-SATISFIED") -> SATISFIED | F101: =(H101-1+5-I101+J101-1+5-K101+L101-1+5-M101+N101-1+5-O101+P101-1+5-Q101)*2.5 -> 60 | G101: =IF(F101<=50,"POOR",IF(F101<=70,"NEED IMPROVEMENT",IF(F101<=80,"GOOD","EXCELLENT"))) -> NEED IMPROVEMENT | H101: 4 | I101: 4 | J101: 4 | K101: 3 | L101: 4 | M101: 3 | N101: 5 | O101: 3 | P101: 4 | Q101: 4 | R101: 3 | S101: =IF(R101<4,"LOW",IF(R101<6,"MODERATE",IF(R101>5,"HIGH"))) -> LOW | T101: 46228.376 | U101: 46228.382 | V101: =ROUND(((U101-T101)*1440),0) -> 9 | W101: =IF(V101<=5,"GOOD",IF(V101<=10,"SATISFACTORY","BAD")) -> SATISFACTORY | X101: =(Z101/Y101)*100 -> 0 | Y101: 4 | Z101: 0 | AA101: 8 | AB101: =IF(AA101<=6,"LOW",IF(AA101<=10,"MEDIUM","HIGH")) -> MEDIUM | AC101: 1 | AD101: =IF(AC101=0,"NOt Adopted",IF(AC101=1,"Adopted")) -> Adopted | AE101: 1 | AF101: =IF(AE101=0,"Not Returned",IF(AE101=1,"Returned")) -> Returned | AG101: 1 | AH101: =IF(AG101=0,"Fail",IF(AG101=1,"Success")) -> Success | AI101: =IF(B101<7,1,0)+IF(D101<4,1,0)+IF(F101<60,1,0)+IF(R101>=6,1,0)+IF(V101>15,1,0)+IF(Y101>5,1,0)+IF(X101>=30,1,0)+IF(AA101<=2,1,0)+IF(AC101=0,1,0)+IF(AE101=0,1,0)+IF(AG101=0,1,0) -> 0 | AJ101: =IF(AI101>=6,"High",IF(AI101>=4,"Medium","Low")) -> Low

Sheet NPS_ANALYSIS
A1: NPS Category | B1: Score Range | C1: User | D1: Percentage | E1: Meaning
A2: Promoters | B2: 9-10 | C2: =COUNTIF(ux_matrix!C:C,"PROM") -> 16 | D2: =C2/COUNTA(ux_matrix!A2:A101)*100 -> 16 | E2: STRONG
A3: Passives | B3: 7-8 | C3: =COUNTIF(ux_matrix!C:C,"PASS") -> 33 | D3: =C3/COUNTA(ux_matrix!A3:A102)*100 -> 33.333333 | E3: NEUTRAL
A4: Detractors | B4: 0-6 | C4: =COUNTIF(ux_matrix!C:C,"DECTATOR") -> 51 | D4: =C4/COUNTA(ux_matrix!A4:A103)*100 -> 52.040816 | E4: UNHAPPY

Sheet Sus_analysis
A1: User_ID | B1: sus_score | C1: Category
A2: U001 | B2: 52.5
A3: U002 | B3: 50
A4: U003 | B4: 45
A5: U004 | B5: 57.5
A6: U005 | B6: 50
A7: U006 | B7: 45
A8: U007 | B8: 55
A9: U008 | B9: 45
A10: U009 | B10: 50
A11: U010 | B11: 60
A12: U011 | B12: 45
A13: U012 | B13: 40
... A101: U100 | B101: 60

Sheet CES_TTFV
A1: Metric | B1: Average | C1: Good target | D1: Interpretation
A2: CES | B2: =AVERAGE(ux_matrix!R2:R101) -> 4.04 | C2: <=3 | D2: Lower effort is better
A3: TTFV(Minutes) | B3: =AVERAGE(ux_matrix!V2:V101) -> 9.92 | C3: <=5 | D3: Faster value is better
A4: low-effor users | B4: =COUNTIF(ux_matrix!S2:S101,"LOW")/COUNTA(ux_matrix!A2:A101)*100 -> 32 | C4: >=70% | D4: Users reporting low effort
A5: Fast TTFV users | B5: =COUNTIF(ux_matrix!W2:W101,"GOOD")/COUNTA(ux_matrix!A2:A101)*100 -> 15 | C5: >=70% | D5: Users reaching value in <= 5min

Sheet Task_analysis
A1: Task Metric | B1: Value | C1: Formula/Definition
A2: Total Task Attempts | B2: =SUM(ux_matrix!Y2:Y101) -> 473 | C2: Sum of Attempts
A3: Total Errors | B3: =SUM(ux_matrix!Z2:Z101) -> 125 | C3: Sum of Erros
A4: Overall Task Error Rate | B4: =B3/B2*100 -> 26.427061 | C4: Total Errors/Total Attempts x 100
A5: Task Success Rate | B5: =AVERAGE(ux_matrix!AG2:AG101)*100 -> 83 | C5: Completed tasks/users x 100
A6: Average Attempts/User | B6: =AVERAGE(ux_matrix!Y2:Y101) -> 4.73 | C6: Average attempts
A7: Average Errors/Users | B7: =AVERAGE(ux_matrix!Z2:Z101) -> 1.25 | C7: Average errors

Sheet Corelation
A1: Variables | B1: NPS | C1: CSAT | D1: SUS | E1: CES | F1: TTFV | G1: Errors | H1: Sessions | I1: Adoption | J1: Retention | K1: Task Success
A2: NPS | B2: =CORREL(ux_matrix!B2:B101,ux_matrix!B2:B101) -> 1 | C2: =CORREL(ux_matrix!B2:B101,ux_matrix!D2:D101) -> 0.72198706 | D2: =CORREL(ux_matrix!B2:B101,ux_matrix!F2:F101) -> 0.1198679 | E2: =CORREL(ux_matrix!B2:B101,ux_matrix!R2:R101) -> -0.58445108 | F2: =CORREL(ux_matrix!B2:B101,ux_matrix!V2:V101) -> -0.62639281 | G2: =CORREL(ux_matrix!B2:B101,ux_matrix!Z2:Z101) -> -0.38781713 | H2: =CORREL(ux_matrix!B2:B101,ux_matrix!AA2:AA101) -> 0.62113944 | I2: =CORREL(ux_matrix!B2:B101,ux_matrix!AC2:AC101) -> 0.13888689 | J2: =CORREL(ux_matrix!B2:B101,ux_matrix!AE2:AE101) -> 0.21775097 | K2: =CORREL(ux_matrix!B2:B101,ux_matrix!AG2:AG101) -> 0.23866943
A3: CSAT | B3: =CORREL(ux_matrix!D2:D101,ux_matrix!B2:B101) -> 0.72198706 | C3: =CORREL(ux_matrix!D2:D101,ux_matrix!D2:D101) -> 1 | D3: =CORREL(ux_matrix!D2:D101,ux_matrix!F2:F101) -> 0.031558008 | E3: =CORREL(ux_matrix!D2:D101,ux_matrix!R2:R101) -> -0.52178442 | F3: =CORREL(ux_matrix!D2:D101,ux_matrix!V2:V101) -> -0.61928423 | G3: =CORREL(ux_matrix!D2:D101,ux_matrix!Z2:Z101) -> -0.26307402 | H3: =CORREL(ux_matrix!D2:D101,ux_matrix!AA2:AA101) -> 0.54946098 | I3: =CORREL(ux_matrix!D2:D101,ux_matrix!AC2:AC101) -> 0.14205657 | J3: =CORREL(ux_matrix!D2:D101,ux_matrix!AE2:AE101) -> 0.17096736 | K3: =CORREL(ux_matrix!D2:D101,ux_matrix!AG2:AG101) -> 0.15787609
A4: SUS | B4: =CORREL(ux_matrix!F2:F101,ux_matrix!B2:B101) -> 0.1198679 | C4: =CORREL(ux_matrix!F2:F101,ux_matrix!D2:D101) -> 0.031558008 | D4: =CORREL(ux_matrix!F2:F101,ux_matrix!F2:F101) -> 1 | E4: =CORREL(ux_matrix!F2:F101,ux_matrix!R2:R101) -> -0.011691539 | F4: =CORREL(ux_matrix!F2:F101,ux_matrix!V2:V101) -> -0.026696398 | G4: =CORREL(ux_matrix!F2:F101,ux_matrix!Z2:Z101) -> -0.043695764 | H4: =CORREL(ux_matrix!F2:F101,ux_matrix!AA2:AA101) -> 0.12199941 | I4: =CORREL(ux_matrix!F2:F101,ux_matrix!AC2:AC101) -> 0.0065328442 | J4: =CORREL(ux_matrix!F2:F101,ux_matrix!AE2:AE101) -> 0.21033694 | K4: =CORREL(ux_matrix!F2:F101,ux_matrix!AG2:AG101) -> -0.01843633
A5: CES | B5: =CORREL(ux_matrix!R2:R101,ux_matrix!B2:B101) -> -0.58445108 | C5: =CORREL(ux_matrix!R2:R101,ux_matrix!D2:D101) -> -0.52178442 | D5: =CORREL(ux_matrix!R2:R101,ux_matrix!F2:F101) -> -0.011691539 | E5: =CORREL(ux_matrix!R2:R101,ux_matrix!R2:R101) -> 1 | F5: =CORREL(ux_matrix!R2:R101,ux_matrix!V2:V101) -> 0.53449615 | G5: =CORREL(ux_matrix!R2:R101,ux_matrix!Z2:Z101) -> 0.38074857 | H5: =CORREL(ux_matrix!R2:R101,ux_matrix!AA2:AA101) -> -0.31689528 | I5: =CORREL(ux_matrix!R2:R101,ux_matrix!AC2:AC101) -> -0.19474672 | J5: =CORREL(ux_matrix!R2:R101,ux_matrix!AE2:AE101) -> -0.13527629 | K5: =CORREL(ux_matrix!R2:R101,ux_matrix!AG2:AG101) -> -0.11418617
A6: TTFV | B6: =CORREL(ux_matrix!V2:V101,ux_matrix!B2:B101) -> -0.62639281 | C6: =CORREL(ux_matrix!V2:V101,ux_matrix!D2:D101) -> -0.61928423 | D6: =CORREL(ux_matrix!V2:V101,ux_matrix!F2:F101) -> -0.026696398 | E6: =CORREL(ux_matrix!V2:V101,ux_matrix!R2:R101) -> 0.53449615 | F6: =CORREL(ux_matrix!V2:V101,ux_matrix!V2:V101) -> 1 | G6: =CORREL(ux_matrix!V2:V101,ux_matrix!Z2:Z101) -> 0.23204981 | H6: =CORREL(ux_matrix!V2:V101,ux_matrix!AA2:AA101) -> -0.49371393 | I6: =CORREL(ux_matrix!V2:V101,ux_matrix!AC2:AC101) -> -0.12443332 | J6: =CORREL(ux_matrix!V2:V101,ux_matrix!AE2:AE101) -> -0.050525543 | K6: =CORREL(ux_matrix!V2:V101,ux_matrix!AG2:AG101) -> -0.15053616
A7: Erros | B7: =CORREL(ux_matrix!Z2:Z101,ux_matrix!B2:B101) -> -0.38781713 | C7: =CORREL(ux_matrix!Z2:Z101,ux_matrix!D2:D101) -> -0.26307402 | D7: =CORREL(ux_matrix!Z2:Z101,ux_matrix!F2:F101) -> -0.043695764 | E7: =CORREL(ux_matrix!Z2:Z101,ux_matrix!R2:R101) -> 0.38074857 | F7: =CORREL(ux_matrix!Z2:Z101,ux_matrix!V2:V101) -> 0.23204981 | G7: =CORREL(ux_matrix!Z2:Z101,ux_matrix!Z2:Z101) -> 1 | H7: =CORREL(ux_matrix!Z2:Z101,ux_matrix!AA2:AA101) -> -0.31652441 | I7: =CORREL(ux_matrix!Z2:Z101,ux_matrix!AC2:AC101) -> -0.17072505 | J7: =CORREL(ux_matrix!Z2:Z101,ux_matrix!AE2:AE101) -> -0.15600112 | K7: =CORREL(ux_matrix!Z2:Z101,ux_matrix!AG2:AG101) -> -0.13387007
A8: Sessions | B8: =CORREL(ux_matrix!AA2:AA101,ux_matrix!B2:B101) -> 0.62113944 | C8: =CORREL(ux_matrix!AA2:AA101,ux_matrix!D2:D101) -> 0.54946098 | D8: =CORREL(ux_matrix!AA2:AA101,ux_matrix!F2:F101) -> 0.12199941 | E8: =CORREL(ux_matrix!AA2:AA101,ux_matrix!R2:R101) -> -0.31689528 | F8: =CORREL(ux_matrix!AA2:AA101,ux_matrix!V2:V101) -> -0.49371393 | G8: =CORREL(ux_matrix!AA2:AA101,ux_matrix!Z2:Z101) -> -0.31652441 | H8: =CORREL(ux_matrix!AA2:AA101,ux_matrix!AA2:AA101) -> 1 | I8: =CORREL(ux_matrix!AA2:AA101,ux_matrix!AC2:AC101) -> 0.17961031 | J8: =CORREL(ux_matrix!AA2:AA101,ux_matrix!AE2:AE101) -> 0.21794914 | K8: =CORREL(ux_matrix!AA2:AA101,ux_matrix!AG2:AG101) -> 0.13147211
A9: Adoption | B9: =CORREL(ux_matrix!AC2:AC101,ux_matrix!B2:B101) -> 0.13888689 | C9: =CORREL(ux_matrix!AC2:AC101,ux_matrix!D2:D101) -> 0.14205657 | D9: =CORREL(ux_matrix!AC2:AC101,ux_matrix!F2:F101) -> 0.0065328442 | E9: =CORREL(ux_matrix!AC2:AC101,ux_matrix!R2:R101) -> -0.19474672 | F9: =CORREL(ux_matrix!AC2:AC101,ux_matrix!V2:V101) -> -0.12443332 | G9: =CORREL(ux_matrix!AC2:AC101,ux_matrix!Z2:Z101) -> -0.17072505 | H9: =CORREL(ux_matrix!AC2:AC101,ux_matrix!AA2:AA101) -> 0.17961031 | I9: =CORREL(ux_matrix!AC2:AC101,ux_matrix!AC2:AC101) -> 1 | J9: =CORREL(ux_matrix!AC2:AC101,ux_matrix!AE2:AE101) -> 0.023637455 | K9: =CORREL(ux_matrix!AC2:AC101,ux_matrix!AG2:AG101) -> -0.073451248
A10: Retention | B10: =CORREL(ux_matrix!AE2:AE101,ux_matrix!B2:B101) -> 0.21775097 | C10: =CORREL(ux_matrix!AE2:AE101,ux_matrix!D2:D101) -> 0.17096736 | D10: =CORREL(ux_matrix!AE2:AE101,ux_matrix!F2:F101) -> 0.21033694 | E10: =CORREL(ux_matrix!AE2:AE101,ux_matrix!R2:R101) -> -0.13527629 | F10: =CORREL(ux_matrix!AE2:AE101,ux_matrix!V2:V101) -> -0.050525543 | G10: =CORREL(ux_matrix!AE2:AE101,ux_matrix!Z2:Z101) -> -0.15600112 | H10: =CORREL(ux_matrix!AE2:AE101,ux_matrix!AA2:AA101) -> 0.21794914 | I10: =CORREL(ux_matrix!AE2:AE101,ux_matrix!AC2:AC101) -> 0.023637455 | J10: =CORREL(ux_matrix!AE2:AE101,ux_matrix!AE2:AE101) -> 1 | K10: =CORREL(ux_matrix!AE2:AE101,ux_matrix!AG2:AG101) -> 0.042019798
A11: Task Success | B11: =CORREL(ux_matrix!AG2:AG101,ux_matrix!B2:B101) -> 0.23866943 | C11: =CORREL(ux_matrix!AG2:AG101,ux_matrix!D2:D101) -> 0.15787609 | D11: =CORREL(ux_matrix!AG2:AG101,ux_matrix!F2:F101) -> -0.01843633 | E11: =CORREL(ux_matrix!AG2:AG101,ux_matrix!R2:R101) -> -0.11418617 | F11: =CORREL(ux_matrix!AG2:AG101,ux_matrix!V2:V101) -> -0.15053616 | G11: =CORREL(ux_matrix!AG2:AG101,ux_matrix!Z2:Z101) -> -0.13387007 | H11: =CORREL(ux_matrix!AG2:AG101,ux_matrix!AA2:AA101) -> 0.13147211 | I11: =CORREL(ux_matrix!AG2:AG101,ux_matrix!AC2:AC101) -> -0.073451248 | J11: =CORREL(ux_matrix!AG2:AG101,ux_matrix!AE2:AE101) -> 0.042019798 | K11: =CORREL(ux_matrix!AG2:AG101,ux_matrix!AG2:AG101) -> 1
